-- Dữ liệu cho bảng Khoa
INSERT INTO KHOA (MaKhoa, TenKhoa) VALUES
('CNTT', N'Công nghệ Thông tin'),
('QTKD', N'Quản trị Kinh doanh'),
('KTPM', N'Kỹ thuật Phần mềm'),
('KTMT', N'Kỹ thuật Mạng máy tính'),
('KTTN', N'Khoa học Tự nhiên'),
('NVTH', N'Ngôn ngữ và Văn hóa'),
('GDTC', N'Giáo dục Thể chất'),
('KTXD', N'Kỹ thuật Xây dựng'),
('KDCN', N'Kinh tế Chính trị'),
('KTCN', N'Kỹ thuật Cơ khí');
-- Dữ liệu cho bảng Mon
INSERT INTO Mon (MaMH, TenMH, SoTiet) VALUES
('CSDL', N'Cơ sở dữ liệu', 45),
('CTDLGT', N'Cấu trúc dữ liệu và giải thuật', 60),
('JAVA', N'Lập trình Java', 60),
('CTRPC', N'Mạng máy tính và Truyền thông', 45),
('TKCSDL', N'Thiết kế cơ sở dữ liệu', 45),
('TKHT', N'Thiết kế hệ thống', 45),
('QLDN', N'Quản lý dự án', 30),
('QTANM', N'Quản trị An ninh mạng', 45),
('THVBR', N'Triết học vấn đề', 30),
('GDQP', N'Giáo dục quốc phòng', 45),
('VXLY', N'Vật lý đại cương', 60),
('THDCT', N'Tin học đại cương', 45),
('NMCNPM', N'Nhập môn Công nghệ Phần mềm', 45),
('CSDLPM', N'Cơ sở dữ liệu Phân tán', 45),
('KTHPM', N'Kiểm thử Phần mềm', 45),
('QTKDNN', N'Quản trị Kinh doanh Ngân hàng', 45),
('XLTN', N'Xử lý Tín hiệu số', 45),
('TKTMT', N'Thiết kế Mạng máy tính', 45),
('HVL', N'Hệ vấn lý', 45),
('XSKTTN', N'Xử lý số Khoa học và Tính toán', 45);
-- Dữ liệu cho bảng SinhVien
INSERT INTO SinhVien (MaSo, HoTen, NgaySinh, GioiTinh, DiaChi, DienThoai, MaKhoa) VALUES
(1, N'Nguyễn Văn A', '1990-05-12', 1, N'Hà Nội', 987654321, 'CNTT'),
(2, N'Trần Thị B', '1992-08-22', 0, N'Hải Phòng', 923456781, 'QTKD'),
(3, N'Lê Văn C', '1991-03-15', 1, N'Đà Nẵng', 945612378, 'KTPM'),
(4, N'Phạm Thị D', '1993-11-07', 0, N'TP.HCM', 967812345, 'KTMT'),
(5, N'Hoàng Văn E', '1992-04-28', 1, N'Hà Nội', 981234567, 'KTTN'),
(6, N'Đặng Thị F', '1990-09-03', 0, N'Hải Phòng', 923456789, 'NVTH'),
(7, N'Vũ Văn G', '1991-06-18', 1, N'Đà Nẵng', 945678123, 'GDTC'),
(8, N'Bùi Thị H', '1993-02-10', 0, N'TP.HCM', 967891234, 'KTXD'),
(9, N'Đinh Văn I', '1992-07-25', 1, N'Hà Nội', 987612345, 'KDCN'),
(10, N'Lương Thị K', '1990-12-01', 0, N'Hải Phòng', 923451678, 'KTCN'),
(11, N'Hồ Văn L', '1991-09-16', 1, N'Đà Nẵng', 945612789, 'CNTT'),
(12, N'Trịnh Thị M', '1993-05-20', 0, N'TP.HCM', 967823456, 'QTKD'),
(13, N'Tạ Văn N', '1992-11-03', 1, N'Hà Nội', 981234568, 'KTPM'),
(14, N'Ngô Thị O', '1990-06-27', 0, N'Hải Phòng', 923456712, 'KTMT'),
(15, N'Phan Văn P', '1991-01-14', 1, N'Đà Nẵng', 945678901, 'KTTN'),
(16, N'Quách Thị Q', '1993-08-31', 0, N'TP.HCM', 967890123, 'NVTH'),
(17, N'Dương Văn R', '1992-03-19', 1, N'Hà Nội', 987612309, 'GDTC'),
(18, N'Lý Thị S', '1990-10-08', 0, N'Hải Phòng', 923451234, 'KTXD'),
(19, N'Triệu Văn T', '1991-04-23', 1, N'Đà Nẵng', 945612345, 'KDCN'),
(20, N'Viên Thị U', '1993-12-17', 0, N'TP.HCM', 967823456, 'KTCN');
-- Dữ liệu cho bảng KetQua
INSERT INTO KetQua (MaSo, MaMH, Diem) VALUES
(1, 'CSDL', 8), (1, 'CTDLGT', 7), (1, 'JAVA', 9), (1, 'CTRPC', 6),
(2, 'TKCSDL', 6), (2, 'TKHT', 8), (2, 'QLDN', 7), (2, 'QTANM', 9),
(3, 'THVBR', 9), (3, 'GDQP', 8), (3, 'VXLY', 7), (3, 'THDCT', 6),
(4, 'NMCNPM', 7), (4, 'CSDLPM', 8), (4, 'KTHPM', 9), (4, 'JAVA', 6),
(5, 'CSDL', 9), (5, 'CTDLGT', 8), (5, 'THDCT', 7), (5, 'VXLY', 6),
(6, 'QTKDNN', 7), (6, 'QLDN', 8), (6, 'TKHT', 9), (6, 'TKCSDL', 6),
(7, 'XLTN', 8), (7, 'TKTMT', 7), (7, 'CTRPC', 9), (7, 'QTANM', 6),
(8, 'HVL', 7), (8, 'XSKTTN', 6), (8, 'VXLY', 8), (8, 'THDCT', 9),
(9, 'CSDL', 6), (9, 'CTDLGT', 7), (9, 'JAVA', 8), (9, 'CTRPC', 9),
(10, 'TKCSDL', 8), (10, 'TKHT', 6), (10, 'QLDN', 9), (10, 'QTANM', 7),
(11, 'THVBR', 7), (11, 'GDQP', 6), (11, 'VXLY', 9), (11, 'THDCT', 8),
(12, 'NMCNPM', 9), (12, 'CSDLPM', 7), (12, 'KTHPM', 6), (12, 'JAVA', 8),
(13, 'CSDL', 7), (13, 'CTDLGT', 6), (13, 'THDCT', 9), (13, 'VXLY', 8),
(14, 'QTKDNN', 8), (14, 'QLDN', 7), (14, 'TKHT', 6), (14, 'TKCSDL', 9),
(15, 'XLTN', 6), (15, 'TKTMT', 9), (15, 'CTRPC', 7), (15, 'QTANM', 8),
(16, 'HVL', 9), (16, 'XSKTTN', 8), (16, 'VXLY', 7), (16, 'THDCT', 6),
(17, 'CSDL', 8), (17, 'CTDLGT', 9), (17, 'JAVA', 7), (17, 'CTRPC', 6),
(18, 'TKCSDL', 7), (18, 'TKHT', 8), (18, 'QLDN', 6), (18, 'QTANM', 9),
(19, 'THVBR', 6), (19, 'GDQP', 7), (19, 'VXLY', 8), (19, 'THDCT', 9),
(20, 'NMCNPM', 8), (20, 'CSDLPM', 6), (20, 'KTHPM', 7), (20, 'JAVA', 9);